Comment,Designator,Footprint,LCSC Part #
TS-1088-AR02016,"BOOT1,EN1",SW-SMD_L3.9-W3.0-P4.45,C720477
CL31A226KAHNNNE,"C1,C10,C16",C1206,C12891
CC0603KRX7R9BB104,"C11,C12,C13,C14,C15,C20,C28,C29,C3,C4",C0603,C14663
CL31A106KBHNNNE,"C17,C9",C1206,C13585
CL10A105KB8NNNC,"C2,C7,C8",C0603,C15849
SS14,"D1,D4",SMA_L4.2-W2.6-LS5.0-RD_1,C2480
SMBJ12A,"D10,D3",SMB_L4.6-W3.6-LS5.3-RD,C908793
USBLC6-2SC6,D5,SOT-23-6_L2.9-W1.6-P0.95-LS2.8-BL,C7519
SMBJ130A-13-F,D9,SMB_L4.6-W3.6-LS5.3-RD,C135040
TS-1187A-B-A-B,"EMERGENCY1,SETTING1,START1,STOP1",SW-SMD_4P-L5.1-W5.1-P3.70-LS6.5-TL_H1.5,C318884
AO3400A,"Q1,Q2,Q3",SOT-23-3_L2.9-W1.3-P1.90-LS2.4-BR,C20917
AO3401A,Q4,SOT-23_L2.9-W1.3-P1.90-LS2.4-BR,C15127
0603WAF1002T5E,"R1,R17,R20,R26,R28,R32,R35,R36,R37,R5,R6",R0603,C25804
RT0603BRE07115KL,"R10,R33,R34",R0603,C861635
RT0603BRD079K09L,R11,R0603,C861611
RC0603FR-07430RL,R12,R0603,C137721
0603WAF4700T5E,R13,R0603,C23179
0603WAF5100T5E,R14,R0603,C23193
0603WAF1000T5E,"R16,R19,R29",R0603,C22775
0402WGF5101TCE,"R2,R3",R0402,C25905
0603WAF1200T5E,R21,R0603,C22787
0603WAF220JT5E,"R30,R31",R0603,C23345
FRP1206F51R0TS,R8,R1206,C7468320
FRC1210F1500TS,R9,R1210,C2933805
0603WAF0000T5E,SB1,PAD-JUMPER-2-NC_BY_PASTE_YES_SILK,C21189
ESP32-S3-WROOM-1-N16R8,U1,WIRELM-SMD_ESP32-S3-WROOM-1,C2913202
TJA1051T/3/1J,U12,SOIC-8_L4.9-W3.9-P1.27-LS6.0-BL,C38695
ADS1115IDGSR,U5,MSOP-10_L3.0-W3.0-P0.50-LS5.0-BL,C37593
AMS1117-3.3,U6,SOT-223-3_L6.5-W3.4-P2.30-LS7.0-BR,C6186
LMZM23601V5SILR,U8,USIP-10_L3.8-W3.0-TL_TI_SIL,C2868357
TYPE-C16PIN,USB1,USB-C-SMD_TYPE-C16PIN,C393939
