Designator,Mid X,Mid Y,Layer,Rotation
BOOT1,180.6075mm,-81.4445mm,Top,0
C1,131.3030mm,-61.7780mm,Top,0
C10,153.1530mm,-93.1870mm,Top,270
C11,180.6105mm,-84.0280mm,Top,180
C12,164.5515mm,-78.9525mm,Top,0
C13,164.5700mm,-61.2405mm,Top,0
C14,173.6215mm,-78.9525mm,Top,0
C15,164.6095mm,-70.1290mm,Top,0
C16,163.9420mm,-91.7500mm,Top,90
C17,171.6890mm,-91.7500mm,Top,90
C2,135.1130mm,-65.7150mm,Top,0
C20,132.9950mm,-87.1305mm,Top,270
C28,135.1520mm,-90.2050mm,Top,270
C29,138.5640mm,-83.8495mm,Top,0
C3,135.8750mm,-61.6510mm,Top,270
C4,180.7060mm,-75.4940mm,Top,0
C7,131.5980mm,-89.4165mm,Top,0
C8,125.9690mm,-90.9880mm,Top,180
C9,153.1540mm,-87.6525mm,Top,90
D1,176.7620mm,-140.3910mm,Top,0
D10,181.5000mm,-108.5000mm,Top,90
D3,127.6425mm,-130.7390mm,Top,180
D4,161.1480mm,-139.8830mm,Top,0
D5,170.6730mm,-69.2710mm,Top,90
D9,149.1230mm,-138.6130mm,Top,0
EMERGENCY1,173.6490mm,-83.2705mm,Top,90
EN1,180.7060mm,-78.0340mm,Top,180
Q1,178.6740mm,-137.2160mm,Top,180
Q2,137.3990mm,-129.7230mm,Top,90
Q3,163.0530mm,-136.7080mm,Top,180
Q4,133.3350mm,-131.6280mm,Top,270
R1,135.1130mm,-64.0640mm,Top,0
R10,123.1750mm,-90.0990mm,Top,270
R11,125.9690mm,-89.2100mm,Top,180
R12,123.1755mm,-80.1230mm,Top,0
R13,123.0345mm,-66.3485mm,Top,0
R14,123.0335mm,-73.2650mm,Top,0
R16,140.5740mm,-128.7070mm,Top,180
R17,139.6690mm,-130.8585mm,Top,90
R19,173.9360mm,-136.3250mm,Top,0
R2,174.8740mm,-71.4400mm,Top,90
R20,176.2610mm,-137.1065mm,Top,90
R21,137.0180mm,-136.5810mm,Top,180
R26,136.4145mm,-133.0305mm,Top,270
R28,160.5130mm,-136.7080mm,Top,90
R29,158.2910mm,-135.8680mm,Top,0
R3,174.8740mm,-67.3760mm,Top,270
R30,135.3045mm,-76.5130mm,Top,0
R31,135.3045mm,-78.0955mm,Top,0
R32,158.1000mm,-81.4630mm,Top,90
R33,122.5400mm,-87.4405mm,Top,0
R34,122.4215mm,-85.5355mm,Top,0
R35,138.0500mm,-133.3000mm,Top,90
R36,133.7000mm,-94.1000mm,Top,180
R37,132.3000mm,-91.8000mm,Top,90
R5,145.1460mm,-85.1460mm,Top,270
R6,142.7420mm,-85.1520mm,Top,270
R8,147.2430mm,-135.5585mm,Top,0
R9,144.1300mm,-132.7710mm,Top,0
SB1,170.1650mm,-74.8590mm,Top,0
SETTING1,164.6745mm,-74.4410mm,Top,90
START1,164.6745mm,-65.5495mm,Top,90
STOP1,164.6745mm,-83.2705mm,Top,90
U1,146.5430mm,-70.2870mm,Top,0
U12,138.5695mm,-88.5490mm,Top,180
U5,128.9865mm,-87.0045mm,Top,270
U6,147.0300mm,-91.5210mm,Top,0
U8,167.6305mm,-91.7405mm,Top,180
USB1,178.8110mm,-69.6620mm,Top,90
